frame,pts_seconds,canvas_mae_0_255,content_roi_mae_0_255,max_channel_error,pixels_over_32
0,0,0.122382,0.221211,89,1363
1,0.016667,0.121728,0.220029,89,1363
2,0.033333,0.121357,0.219358,89,1363
3,0.05,0.121164,0.21901,89,1363
4,0.066667,0.120839,0.218422,89,1363
5,0.083333,0.120547,0.217894,89,1363
6,0.1,0.120561,0.217919,89,1363
7,0.116667,0.128025,0.218115,89,1376
8,0.133333,0.128946,0.21978,89,1376
9,0.15,0.12834,0.218686,89,1376
10,0.166667,0.130322,0.222269,89,1376
11,0.183333,0.128842,0.219593,89,1376
12,0.2,0.128914,0.219723,89,1376
13,0.216667,0.133528,0.228064,89,1376
14,0.233333,0.129336,0.220485,89,1376
15,0.25,0.127569,0.217291,89,1376
16,0.266667,0.127538,0.217235,89,1376
17,0.283333,0.126619,0.215574,89,1376
18,0.3,0.128838,0.219586,89,1376
19,0.316667,0.129693,0.221132,89,1376
20,0.333333,0.131123,0.223716,89,1376
21,0.35,0.130144,0.221946,89,1376
22,0.366667,0.128169,0.218377,89,1376
23,0.383333,0.134601,0.230003,89,1376
24,0.4,0.134102,0.229101,89,1376
25,0.416667,0.143638,0.246341,89,1376
26,0.433333,0.142943,0.245084,89,1376
27,0.45,0.142794,0.244814,89,1376
28,0.466667,0.140748,0.241117,89,1376
29,0.483333,0.128205,0.218441,89,1376
30,0.5,0.127755,0.217627,89,1380
31,0.516667,0.127755,0.217627,89,1380
32,0.533333,0.143932,0.246872,89,1380
33,0.55,0.129019,0.219912,89,1380
34,0.566667,0.129019,0.219912,89,1380
35,0.583333,0.128932,0.219755,89,1380
36,0.6,0.128932,0.219755,89,1380
37,0.616667,0.128932,0.219755,89,1380
38,0.633333,0.128932,0.219755,89,1380
39,0.65,0.128932,0.219755,89,1380
40,0.666667,0.128932,0.219755,89,1380
41,0.683333,0.128932,0.219755,89,1380
42,0.7,0.128932,0.219755,89,1380
43,0.716667,0.131292,0.222897,89,1380
44,0.733333,0.138753,0.233422,89,1380
45,0.75,0.140766,0.236075,89,1386
46,0.766667,0.144808,0.241948,89,1496
47,0.783333,0.147226,0.244737,89,1531
48,0.8,0.149369,0.24642,89,1604
49,0.816667,0.15228,0.250894,89,1637
50,0.833333,0.153441,0.25169,89,1704
51,0.85,0.153609,0.251501,89,1658
52,0.866667,0.156157,0.254723,89,1748
53,0.883333,0.167305,0.255123,85,1751
54,0.9,0.166719,0.25735,85,1807
55,0.916667,0.167043,0.267618,86,1757
56,0.933333,0.170023,0.27383,87,1856
57,0.95,0.169604,0.273073,86,1874
58,0.966667,0.166672,0.267773,96,1734
59,0.983333,0.213656,0.35271,172,2292
60,1,0.366148,0.628384,225,4468
61,1.016667,0.249055,0.416704,246,2601
62,1.033333,0.247435,0.413776,255,2684
63,1.05,0.32735,0.558245,255,4034
64,1.066667,0.250375,0.41909,255,2883
65,1.083333,0.308398,0.523983,255,3732
66,1.1,0.305417,0.518595,242,3885
67,1.116667,0.336598,0.574965,255,4366
68,1.133333,0.412656,0.712462,255,5514
69,1.15,0.416679,0.719735,255,5619
70,1.166667,0.430047,0.7439,255,5802
71,1.183333,0.428593,0.741271,255,5863
72,1.2,0.400073,0.689714,255,5377
73,1.216667,0.425556,0.735782,255,5930
74,1.233333,0.407211,0.702618,255,5509
75,1.25,0.372002,0.638967,240,5123
76,1.266667,0.400225,0.689988,240,5671
77,1.283333,0.373537,0.641742,240,5122
78,1.3,0.379736,0.652949,240,5400
79,1.316667,0.372261,0.639435,240,5341
80,1.333333,0.371638,0.638309,240,5305
81,1.35,0.369634,0.634686,240,5262
82,1.366667,0.37135,0.637789,236,5271
83,1.383333,0.370144,0.635609,236,5247
84,1.4,0.397039,0.68423,236,5763
85,1.416667,0.35734,0.612461,236,5244
86,1.433333,0.365754,0.627672,236,5241
87,1.45,0.404271,0.697303,236,5771
88,1.466667,0.370858,0.636899,236,5254
89,1.483333,0.396389,0.683054,236,5770
90,1.5,0.394676,0.679957,236,5768
91,1.516667,0.366804,0.629571,236,5266
92,1.533333,0.366586,0.629177,236,5269
93,1.55,0.366599,0.629199,236,5268
94,1.566667,0.366599,0.629199,236,5268
95,1.583333,0.394504,0.679646,236,5786
96,1.6,0.393036,0.676992,236,5769
97,1.616667,0.392673,0.676336,236,5786
98,1.633333,0.392585,0.676177,236,5788
99,1.65,0.392712,0.676406,236,5793
100,1.666667,0.391928,0.674989,241,5775
101,1.683333,0.391868,0.674881,241,5774
102,1.7,0.391868,0.674881,241,5774
103,1.716667,0.391868,0.674881,241,5774
104,1.733333,0.39161,0.674415,241,5746
105,1.75,0.447519,0.775486,227,5472
106,1.766667,0.42985,0.743545,181,4683
107,1.783333,0.408445,0.704848,157,4458
108,1.8,0.318038,0.541411,87,3848
109,1.816667,0.254144,0.425904,89,1930
110,1.833333,0.282707,0.477539,83,1682
111,1.85,0.169578,0.273025,83,1606
112,1.866667,0.166135,0.266802,83,1440
113,1.883333,0.162146,0.25959,83,1408
114,1.9,0.151815,0.240914,84,1374
115,1.916667,0.14543,0.22937,84,1379
116,1.933333,0.142943,0.224875,84,1379
117,1.95,0.141376,0.222042,84,1379
118,1.966667,0.141376,0.222042,84,1379
119,1.983333,0.141342,0.221981,84,1379
120,2,0.144612,0.227892,84,1379
121,2.016667,0.15288,0.242839,84,1379
122,2.033333,0.152596,0.242325,84,1379
123,2.05,0.150514,0.238561,84,1379
124,2.066667,0.148742,0.235359,84,1379
125,2.083333,0.151134,0.239683,84,1379
126,2.1,0.145913,0.230244,84,1379
127,2.116667,0.153079,0.243198,84,1379
128,2.133333,0.170116,0.273998,84,1379
129,2.15,0.146297,0.230938,84,1379
130,2.166667,0.147243,0.232648,84,1379
131,2.183333,0.145772,0.229989,84,1379
132,2.2,0.148751,0.235374,84,1379
133,2.216667,0.146008,0.230416,84,1379
134,2.233333,0.145507,0.229511,84,1379
135,2.25,0.144471,0.227637,84,1379
136,2.266667,0.146637,0.231553,84,1379
137,2.283333,0.142878,0.224757,84,1379
138,2.3,0.142335,0.223776,84,1379
139,2.316667,0.147261,0.232681,84,1379
140,2.333333,0.1414,0.222085,84,1379
141,2.35,0.139782,0.219161,84,1379
142,2.366667,0.139805,0.219202,84,1379
143,2.383333,0.139826,0.21924,84,1379
144,2.4,0.139826,0.21924,84,1379
145,2.416667,0.139827,0.219242,84,1379
146,2.433333,0.139827,0.219242,84,1379
147,2.45,0.148553,0.235016,84,1379
148,2.466667,0.1552,0.247034,84,1379
149,2.483333,0.161467,0.258362,84,1383
150,2.5,0.168193,0.270521,84,1427
151,2.516667,0.170357,0.274434,84,1553
152,2.533333,0.170761,0.275165,84,1601
153,2.55,0.175611,0.283932,84,1614
154,2.566667,0.176738,0.28597,84,1680
155,2.583333,0.180954,0.293591,84,1720
156,2.6,0.181732,0.294997,84,1717
157,2.616667,0.176168,0.284939,84,1768
158,2.633333,0.18175,0.295029,84,1743
159,2.65,0.179463,0.290896,84,1738
160,2.666667,0.180958,0.293598,84,1740
161,2.683333,0.176211,0.285017,84,1814
162,2.7,0.255625,0.428581,178,3420
163,2.716667,0.323982,0.552156,218,4528
164,2.733333,0.187636,0.305671,230,1867
165,2.75,0.407805,0.703691,221,4530
166,2.766667,0.277416,0.467975,254,3154
167,2.783333,0.307437,0.522247,255,3635
168,2.8,0.333078,0.568601,255,4238
169,2.816667,0.303759,0.515598,255,3810
170,2.833333,0.287183,0.485632,254,3299
171,2.85,0.282715,0.477555,255,3310
172,2.866667,0.305033,0.517901,255,3876
173,2.883333,0.355462,0.622566,255,4569
174,2.9,0.278843,0.484054,255,3498
175,2.916667,0.289576,0.503458,255,3698
176,2.933333,0.285633,0.496329,255,3638
177,2.95,0.323864,0.565444,255,4102
178,2.966667,0.370303,0.649396,255,4708
179,2.983333,0.327447,0.571717,255,4209
180,3,0.329947,0.576237,255,4181
181,3.016667,0.329709,0.575807,255,4187
182,3.033333,0.329706,0.575802,255,4219
183,3.05,0.371315,0.651023,255,4843
184,3.066667,0.374681,0.657108,255,4941
185,3.083333,0.374661,0.65707,255,4942
186,3.1,0.374319,0.656454,255,4935
187,3.116667,0.374385,0.656573,255,4927
188,3.133333,0.372483,0.653133,255,4910
189,3.15,0.372292,0.652788,255,4908
190,3.166667,0.372292,0.652788,255,4908
191,3.183333,0.372292,0.652788,255,4908
192,3.2,0.372292,0.652788,255,4908
193,3.216667,0.372292,0.652788,255,4908
194,3.233333,0.372292,0.652788,255,4908
195,3.25,0.372292,0.652788,255,4908
196,3.266667,0.373087,0.654226,255,4922
197,3.283333,0.371993,0.652247,255,4891
198,3.3,0.372477,0.653123,255,4874
199,3.316667,0.374138,0.656125,255,4873
200,3.333333,0.375677,0.658908,255,4897
201,3.35,0.376506,0.660406,255,4894
202,3.366667,0.339235,0.593028,255,4585
203,3.383333,0.402315,0.707064,255,5285
204,3.4,0.40987,0.720722,255,5432
205,3.416667,0.357173,0.625457,255,5128
206,3.433333,0.407397,0.716251,255,5755
207,3.45,0.351932,0.615981,255,5078
208,3.466667,0.407513,0.716462,255,5790
209,3.483333,0.349169,0.610988,255,5017
210,3.5,0.349819,0.612162,255,5047
211,3.516667,0.397926,0.69913,255,5787
212,3.533333,0.349297,0.611218,255,5098
213,3.55,0.348394,0.609586,255,5084
214,3.566667,0.401346,0.705313,255,5797
215,3.583333,0.349779,0.61209,253,5154
216,3.6,0.349066,0.610801,253,5144
217,3.616667,0.349404,0.611412,253,5160
218,3.633333,0.349008,0.610696,253,5154
219,3.65,0.39803,0.699318,255,5830
220,3.666667,0.397431,0.698235,255,5831
221,3.683333,0.397479,0.698321,255,5813
222,3.7,0.397315,0.698026,255,5814
223,3.716667,0.397438,0.698248,255,5813
224,3.733333,0.397315,0.698026,255,5814
225,3.75,0.397479,0.698321,255,5813
226,3.766667,0.397315,0.698026,255,5814
227,3.783333,0.397438,0.698248,255,5813
228,3.8,0.397315,0.698026,255,5814
229,3.816667,0.397479,0.698321,255,5813
230,3.833333,0.397315,0.698026,255,5814
231,3.85,0.397438,0.698248,255,5813
232,3.866667,0.397559,0.698467,255,5820
233,3.883333,0.397331,0.698053,255,5790
234,3.9,0.43864,0.772678,230,5255
235,3.916667,0.409999,0.720902,180,5003
236,3.933333,0.354807,0.621125,132,4528
237,3.95,0.340133,0.594854,121,4586
238,3.966667,0.260611,0.451095,84,2087
239,3.983333,0.254397,0.439861,99,2064
240,4,0.168092,0.283839,84,1589
241,4.016667,0.164399,0.277163,84,1447
242,4.033333,0.160169,0.269516,84,1392
243,4.05,0.151745,0.254287,84,1388
244,4.066667,0.146667,0.245107,85,1379
245,4.083333,0.144908,0.241927,85,1380
246,4.1,0.143672,0.239693,85,1380
247,4.116667,0.144716,0.24158,85,1377
248,4.133333,0.144651,0.241462,85,1377
249,4.15,0.154195,0.258716,85,1377
250,4.166667,0.118382,0.202784,83,1360
251,4.183333,0.144227,0.249507,83,1360
252,4.2,0.120056,0.205811,83,1360
253,4.216667,0.126328,0.217149,83,1360
254,4.233333,0.122676,0.210547,83,1360
255,4.25,0.1198,0.205348,83,1360
256,4.266667,0.11975,0.205257,83,1360
257,4.283333,0.122924,0.210995,83,1360
258,4.3,0.120493,0.206601,83,1360
259,4.316667,0.126794,0.217992,83,1360
260,4.333333,0.121941,0.209218,83,1360
261,4.35,0.12143,0.208294,83,1360
262,4.366667,0.12143,0.208294,83,1360
263,4.383333,0.118451,0.202909,83,1360
264,4.4,0.118451,0.202909,83,1360
265,4.416667,0.118434,0.202878,83,1360
266,4.433333,0.118434,0.202878,83,1360
267,4.45,0.12143,0.208294,83,1360
268,4.466667,0.12143,0.208294,83,1360
269,4.483333,0.125517,0.215682,83,1360
270,4.5,0.128953,0.221894,83,1360
271,4.516667,0.134386,0.231716,83,1360
272,4.533333,0.138678,0.239475,83,1376
273,4.55,0.141556,0.244678,83,1483
274,4.566667,0.142865,0.247044,83,1512
275,4.583333,0.144193,0.249445,83,1574
276,4.6,0.147554,0.255521,83,1660
277,4.616667,0.151758,0.263122,83,1692
278,4.633333,0.152752,0.264919,83,1722
279,4.65,0.149008,0.25815,83,1726
280,4.666667,0.151587,0.262811,83,1767
281,4.683333,0.151002,0.261755,83,1837
282,4.7,0.150937,0.261636,83,1820
283,4.716667,0.151411,0.262493,83,1823
284,4.733333,0.150762,0.261322,89,1764
285,4.75,0.151943,0.263455,83,1803
286,4.766667,0.151801,0.2632,89,1776
287,4.783333,0.152748,0.264911,90,1779
288,4.8,0.226519,0.398274,171,3336
289,4.816667,0.338367,0.600472,166,5029
290,4.833333,0.247478,0.436164,217,2813
291,4.85,0.255146,0.450026,255,3073
292,4.866667,0.235324,0.414191,235,2697
293,4.883333,0.247517,0.422788,250,2850
294,4.9,0.298604,0.515144,255,3610
295,4.916667,0.273876,0.47044,255,3260
296,4.933333,0.276991,0.476071,255,3245
297,4.95,0.303861,0.524647,255,3761
298,4.966667,0.30502,0.526743,255,3779
299,4.983333,0.274931,0.472347,255,3243
300,5,0.302468,0.522129,255,3774
301,5.016667,0.300907,0.519307,255,3763
302,5.033333,0.271887,0.466845,255,3256
303,5.05,0.270644,0.464597,255,3230
304,5.066667,0.270733,0.464758,255,3232
305,5.083333,0.270753,0.464794,255,3232
306,5.1,0.300344,0.518288,255,3768
307,5.116667,0.300148,0.517935,255,3773
308,5.133333,0.300076,0.517805,255,3774
309,5.15,0.30019,0.518011,255,3776
310,5.166667,0.299634,0.517005,255,3783
311,5.183333,0.299634,0.517005,255,3783
312,5.2,0.299634,0.517005,255,3783
313,5.216667,0.299634,0.517005,255,3783
314,5.233333,0.29969,0.517106,255,3784
315,5.25,0.299274,0.516354,255,3767
316,5.266667,0.297498,0.513143,255,3785
317,5.283333,0.299025,0.515904,255,3865
318,5.3,0.299067,0.51598,255,3832
319,5.316667,0.29994,0.517559,255,3794
320,5.333333,0.299466,0.516702,255,3829
321,5.35,0.28803,0.496028,243,3640
322,5.366667,0.28716,0.494456,240,3628
323,5.383333,0.298819,0.515533,250,3602
324,5.4,0.252189,0.431234,238,2923
325,5.416667,0.277843,0.477612,255,3300
326,5.433333,0.232807,0.396195,233,2627
327,5.45,0.226613,0.384998,240,2518
328,5.466667,0.258745,0.443086,253,2992
329,5.483333,0.191476,0.321477,233,1982
330,5.5,0.189871,0.318575,230,1972
331,5.516667,0.211211,0.357154,220,2354
332,5.533333,0.258764,0.443121,254,2974
333,5.55,0.263374,0.451454,255,3197
334,5.566667,0.316,0.546592,250,3999
335,5.583333,0.268071,0.459946,248,3395
336,5.6,0.288971,0.497729,255,3568
337,5.616667,0.243133,0.414863,255,2988
338,5.633333,0.311384,0.538247,255,3956
339,5.65,0.243457,0.415449,255,2957
340,5.666667,0.245152,0.418512,255,3007
341,5.683333,0.24259,0.413881,255,2961
342,5.7,0.242557,0.413821,255,2953
343,5.716667,0.242659,0.414007,255,3007
344,5.733333,0.303892,0.524703,254,3906
345,5.75,0.303873,0.524668,254,3947
346,5.766667,0.304015,0.524925,254,3956
347,5.783333,0.304819,0.526378,254,3944
348,5.8,0.304803,0.526349,254,3943
349,5.816667,0.304803,0.526349,254,3943
350,5.833333,0.304803,0.526349,254,3943
351,5.85,0.304795,0.526336,255,3942
352,5.866667,0.304788,0.526323,255,3942
353,5.883333,0.304788,0.526323,255,3942
354,5.9,0.305599,0.527789,253,3933
355,5.916667,0.30571,0.527989,253,3938
356,5.933333,0.305562,0.527722,253,3938
357,5.95,0.305768,0.528093,253,3934
358,5.966667,0.305156,0.526987,253,3926
359,5.983333,0.305174,0.52702,253,3926
360,6,0.305174,0.52702,253,3926
361,6.016667,0.305174,0.52702,253,3926
362,6.033333,0.305174,0.52702,253,3926
363,6.05,0.305174,0.52702,253,3926
364,6.066667,0.305174,0.52702,253,3926
365,6.083333,0.305174,0.52702,253,3926
366,6.1,0.305174,0.52702,253,3926
367,6.116667,0.305174,0.52702,253,3926
368,6.133333,0.305174,0.52702,253,3926
369,6.15,0.305174,0.52702,253,3926
370,6.166667,0.305174,0.52702,253,3926
371,6.183333,0.305163,0.527001,253,3927
372,6.2,0.305493,0.527596,253,3912
373,6.216667,0.305482,0.527577,253,3940
374,6.233333,0.305323,0.527291,253,3915
375,6.25,0.305665,0.527908,253,3925
376,6.266667,0.303831,0.524592,253,3918
377,6.283333,0.304234,0.525322,253,3943
378,6.3,0.259744,0.444892,248,3378
379,6.316667,0.264638,0.453739,247,3498
380,6.333333,0.330309,0.572459,255,4215
381,6.35,0.335245,0.581383,253,4331
382,6.366667,0.344965,0.598954,255,4522
383,6.383333,0.354678,0.630027,255,4824
384,6.4,0.310497,0.550158,255,4426
385,6.416667,0.368847,0.655641,254,5288
386,6.433333,0.364575,0.647919,250,5303
387,6.45,0.363718,0.64637,255,5284
388,6.466667,0.359025,0.637885,254,5297
389,6.483333,0.365897,0.65031,248,5397
390,6.5,0.322469,0.571801,238,4867
391,6.516667,0.337598,0.59915,240,4939
392,6.533333,0.364655,0.648064,235,5356
393,6.55,0.415843,0.740601,255,6036
394,6.566667,0.3799,0.675623,255,5378
395,6.583333,0.41899,0.746291,255,6069
396,6.6,0.410525,0.730987,255,6071
397,6.616667,0.363184,0.645404,255,5403
398,6.633333,0.426146,0.759226,255,6157
399,6.65,0.369618,0.656833,255,5398
400,6.666667,0.422304,0.752078,255,6122
401,6.683333,0.419245,0.746548,255,6135
402,6.7,0.42745,0.761381,255,6152
403,6.716667,0.425007,0.756965,255,6140
404,6.733333,0.363149,0.645138,255,5490
405,6.75,0.434286,0.773739,255,6234
406,6.766667,0.427272,0.761059,255,6187
407,6.783333,0.437692,0.779897,255,6209
408,6.8,0.368788,0.655333,255,5444
409,6.816667,0.368679,0.655135,255,5455
410,6.833333,0.417423,0.743255,253,6134
411,6.85,0.367268,0.652585,255,5399
412,6.866667,0.367347,0.652727,255,5395
413,6.883333,0.351153,0.623114,255,5394
414,6.9,0.35167,0.62405,255,5391
415,6.916667,0.417577,0.743195,255,6135
416,6.933333,0.415316,0.739377,255,6124
417,6.95,0.416257,0.741079,252,6154
418,6.966667,0.419189,0.746379,253,6140
419,6.983333,0.446159,0.795135,221,5160
420,7,0.437787,0.780001,169,5441
421,7.016667,0.323114,0.572695,107,4436
422,7.033333,0.284001,0.501988,84,2770
423,7.05,0.225988,0.397112,88,1865
424,7.066667,0.164483,0.285923,84,1567
425,7.083333,0.159953,0.277734,84,1504
426,7.1,0.158453,0.275021,84,1441
427,7.116667,0.147879,0.255906,84,1374
428,7.133333,0.144737,0.250226,84,1381
429,7.15,0.13303,0.229061,84,1370
430,7.166667,0.13231,0.227761,83,1373
431,7.183333,0.13063,0.224792,83,1373
432,7.2,0.130429,0.224428,83,1373
433,7.216667,0.127139,0.218481,83,1373
434,7.233333,0.125126,0.214841,83,1373
435,7.25,0.127324,0.218814,83,1373
436,7.266667,0.132732,0.228591,83,1373
437,7.283333,0.125318,0.215189,83,1373
438,7.3,0.125701,0.215881,83,1373
439,7.316667,0.124843,0.21433,83,1373
440,7.333333,0.127706,0.219505,83,1373
441,7.35,0.13452,0.231824,83,1373
442,7.366667,0.129251,0.222299,83,1373
443,7.383333,0.144862,0.250519,83,1418
444,7.4,0.14994,0.2597,83,1400
445,7.416667,0.150652,0.260988,83,1534
446,7.433333,0.159471,0.27693,83,1588
447,7.45,0.158003,0.274276,83,1601
448,7.466667,0.153784,0.266649,83,1625
449,7.483333,0.158622,0.275394,83,1672
450,7.5,0.15515,0.269119,83,1648
451,7.516667,0.156579,0.271702,83,1773
452,7.533333,0.166611,0.289837,88,1805
453,7.55,0.163344,0.283931,83,1944
454,7.566667,0.201104,0.352194,83,2244
455,7.583333,0.248553,0.437972,218,2825
456,7.6,0.229226,0.403033,246,2479
457,7.616667,0.288741,0.510623,253,3424
458,7.633333,0.276413,0.488337,249,3262
459,7.65,0.301797,0.534226,255,3598
460,7.666667,0.358159,0.636117,255,4416
461,7.683333,0.387897,0.689877,255,4892
462,7.7,0.424214,0.755531,255,5683
463,7.716667,0.435554,0.776032,255,5874
464,7.733333,0.404695,0.720244,255,5335
465,7.75,0.44059,0.785135,255,6044
466,7.766667,0.443023,0.789534,255,6104
467,7.783333,0.445072,0.793239,255,6222
468,7.8,0.442647,0.788854,255,6114
469,7.816667,0.414026,0.737113,255,5796
470,7.833333,0.40482,0.720472,255,5466
471,7.85,0.432098,0.769784,255,6097
472,7.866667,0.409524,0.728975,255,5673
473,7.883333,0.438951,0.782173,255,6408
474,7.9,0.431895,0.76962,255,6343
475,7.916667,0.404083,0.719341,255,5782
476,7.933333,0.397597,0.707616,255,5775
477,7.95,0.423723,0.754846,255,6266
478,7.966667,0.425122,0.757376,255,6258
479,7.983333,0.405655,0.722184,255,5730
480,8,0.396958,0.706461,255,5746
481,8.016667,0.398157,0.708629,255,5748
482,8.033333,0.395798,0.704364,255,5745
483,8.05,0.426067,0.759083,255,6270
484,8.066667,0.39402,0.70115,255,5750
485,8.083333,0.39414,0.701367,255,5752
486,8.1,0.39437,0.701783,255,5761
487,8.116667,0.394346,0.701739,255,5764
488,8.133333,0.420427,0.748889,255,6287
489,8.15,0.42154,0.750901,255,6261
490,8.166667,0.421603,0.751015,255,6262
491,8.183333,0.421443,0.750725,255,6265
492,8.2,0.42148,0.750792,255,6266
493,8.216667,0.42144,0.75072,255,6266
494,8.233333,0.42148,0.750792,255,6266
495,8.25,0.42144,0.75072,255,6266
496,8.266667,0.42148,0.750792,255,6266
497,8.283333,0.42144,0.75072,255,6266
498,8.3,0.42148,0.750792,255,6266
499,8.316667,0.42144,0.75072,255,6266
500,8.333333,0.39601,0.700322,255,6301
501,8.35,0.395904,0.70013,255,6302
502,8.366667,0.395943,0.700201,255,6302
503,8.383333,0.395851,0.700033,255,6302
504,8.4,0.395993,0.700291,255,6301
505,8.416667,0.395834,0.700003,255,6302
506,8.433333,0.395993,0.700291,255,6301
507,8.45,0.395834,0.700003,255,6302
508,8.466667,0.396015,0.700331,255,6302
509,8.483333,0.460682,0.817235,229,6069
510,8.5,0.409136,0.72405,186,5080
511,8.516667,0.401859,0.710895,149,4904
512,8.533333,0.323026,0.568381,128,4620
513,8.55,0.256447,0.44802,87,2151
514,8.566667,0.230192,0.400538,87,1808
515,8.583333,0.147662,0.251286,87,1609
516,8.6,0.138721,0.235164,87,1433
517,8.616667,0.13788,0.233623,87,1434
518,8.633333,0.127336,0.21452,87,1383
519,8.65,0.121741,0.204457,87,1383
520,8.666667,0.120496,0.202207,87,1383
521,8.683333,0.119975,0.201271,87,1383
522,8.7,0.119743,0.200852,87,1383
523,8.716667,0.124036,0.208613,87,1383
524,8.733333,0.122036,0.204998,87,1383
525,8.75,0.121396,0.203841,87,1383
526,8.766667,0.122424,0.2057,87,1383
527,8.783333,0.122364,0.205592,87,1383
528,8.8,0.122364,0.205592,87,1383
529,8.816667,0.120234,0.20174,87,1383
530,8.833333,0.120234,0.20174,87,1383
531,8.85,0.120234,0.20174,87,1383
532,8.866667,0.11853,0.198659,87,1383
533,8.883333,0.117545,0.196879,86,1379
534,8.9,0.117555,0.196898,86,1379
535,8.916667,0.117555,0.196898,86,1379
536,8.933333,0.117615,0.197006,86,1378
537,8.95,0.117615,0.197006,86,1378
538,8.966667,0.117615,0.197006,86,1378
539,8.983333,0.117615,0.197006,86,1378
540,9,0.117615,0.197006,86,1378
541,9.016667,0.117615,0.197006,86,1378
542,9.033333,0.117615,0.197006,86,1378
543,9.05,0.117615,0.197006,86,1378
544,9.066667,0.117615,0.197006,86,1378
545,9.083333,0.117607,0.196992,86,1378
546,9.1,0.117607,0.196992,86,1378
547,9.116667,0.117607,0.196992,86,1378
548,9.133333,0.117607,0.196992,86,1378
549,9.15,0.117607,0.196992,86,1378
550,9.166667,0.117607,0.196992,86,1378
551,9.183333,0.117607,0.196992,86,1378
552,9.2,0.117607,0.196992,86,1378
553,9.216667,0.117607,0.196992,86,1378
554,9.233333,0.117607,0.196992,86,1378
555,9.25,0.117607,0.196992,86,1378
556,9.266667,0.117607,0.196992,86,1378
557,9.283333,0.117607,0.196992,86,1378
558,9.3,0.117607,0.196992,86,1378
559,9.316667,0.117607,0.196992,86,1378
560,9.333333,0.117607,0.196992,86,1378
561,9.35,0.117607,0.196992,86,1378
562,9.366667,0.117607,0.196992,86,1378
563,9.383333,0.116889,0.195694,86,1378
564,9.4,0.119834,0.201018,86,1378
565,9.416667,0.119834,0.201018,86,1378
566,9.433333,0.126341,0.21278,86,1378
567,9.45,0.12595,0.212073,86,1378
568,9.466667,0.122193,0.205283,86,1378
569,9.483333,0.122551,0.20593,86,1378
570,9.5,0.122367,0.205597,86,1378
571,9.516667,0.121728,0.204441,86,1378
572,9.533333,0.121041,0.2032,86,1378
573,9.55,0.121057,0.203229,86,1378
574,9.566667,0.120845,0.202845,86,1378
575,9.583333,0.121029,0.203178,86,1378
576,9.6,0.121077,0.203264,86,1378
577,9.616667,0.121512,0.204051,86,1378
578,9.633333,0.121256,0.203588,86,1378
579,9.65,0.121232,0.203544,86,1378
580,9.666667,0.121318,0.2037,86,1378
581,9.683333,0.121348,0.203754,86,1378
582,9.7,0.121354,0.203766,86,1378
583,9.716667,0.121307,0.20368,86,1378
584,9.733333,0.121252,0.203582,86,1378
585,9.75,0.121315,0.203695,86,1378
586,9.766667,0.121283,0.203637,86,1378
587,9.783333,0.121237,0.203553,86,1378
588,9.8,0.121079,0.203267,86,1378
589,9.816667,0.121042,0.203202,86,1378
590,9.833333,0.121187,0.203463,86,1378
591,9.85,0.12117,0.203433,86,1378
592,9.866667,0.121167,0.203428,86,1378
593,9.883333,0.121162,0.203418,86,1378
594,9.9,0.11865,0.198877,86,1378
595,9.916667,0.118607,0.1988,86,1378
596,9.933333,0.118534,0.198668,86,1378
597,9.95,0.118538,0.198675,86,1378
598,9.966667,0.118481,0.198572,86,1378
599,9.983333,0.118481,0.198572,86,1378
600,10,0.118481,0.198572,86,1378
601,10.016667,0.118481,0.198572,86,1378
602,10.033333,0.118481,0.198572,86,1378
603,10.05,0.118481,0.198572,86,1378
604,10.066667,0.118481,0.198572,86,1378
605,10.083333,0.118481,0.198572,86,1378
606,10.1,0.118481,0.198572,86,1378
607,10.116667,0.118481,0.198572,86,1378
608,10.133333,0.118481,0.198572,86,1378
609,10.15,0.118481,0.198572,86,1378
610,10.166667,0.118481,0.198572,86,1378
611,10.183333,0.118481,0.198572,86,1378
612,10.2,0.118481,0.198572,86,1378
613,10.216667,0.118481,0.198572,86,1378
614,10.233333,0.118481,0.198572,86,1378
615,10.25,0.118481,0.198572,86,1378
616,10.266667,0.118481,0.198572,86,1378
617,10.283333,0.118481,0.198572,86,1378
618,10.3,0.118481,0.198572,86,1378
619,10.316667,0.118481,0.198572,86,1378
620,10.333333,0.118481,0.198572,86,1378
621,10.35,0.118481,0.198572,86,1378
