frame,pts_seconds,canvas_mae_0_255,field_roi_mae_0_255,max_channel_error,pixels_over_32
0,0.0,0.042567,0.092765,139,33
1,0.016667,0.042567,0.092765,139,33
2,0.033333,0.042567,0.092765,139,33
3,0.05,0.042567,0.092765,139,33
4,0.066667,0.042567,0.092765,139,33
5,0.083333,0.042567,0.092765,139,33
6,0.1,0.042567,0.092765,139,33
7,0.116667,0.042567,0.092765,139,33
8,0.133333,0.042567,0.092765,139,33
9,0.166667,0.059258,0.092765,143,131
10,0.183333,0.06014,0.092765,143,124
11,0.2,0.059963,0.092592,143,124
12,0.216667,0.059872,0.092458,143,124
13,0.25,0.061646,0.098586,214,134
14,0.266667,0.061742,0.102218,173,169
15,0.283333,0.063243,0.15817,170,180
16,0.3,0.061981,0.154254,156,160
17,0.316667,0.061884,0.153944,156,188
18,0.333333,0.061536,0.152835,156,155
19,0.35,0.063076,0.157741,156,179
20,0.366667,0.064445,0.1621,170,161
21,0.383333,0.065196,0.16449,142,171
22,0.4,0.066004,0.167065,143,159
23,0.416667,0.067552,0.171994,142,197
24,0.433333,0.067851,0.172945,142,207
25,0.45,0.071389,0.184215,142,246
26,0.466667,0.068585,0.175284,142,184
27,0.483333,0.072029,0.186251,231,198
28,0.516667,0.069479,0.17813,151,163
29,0.533333,0.076676,0.201051,230,230
30,0.55,0.070126,0.18019,151,164
31,0.566667,0.070532,0.181483,159,171
32,0.583333,0.071166,0.183504,152,175
33,0.6,0.075185,0.196302,181,235
34,0.616667,0.071875,0.18576,161,168
35,0.633333,0.071629,0.184978,167,173
36,0.65,0.074557,0.194302,156,219
37,0.666667,0.074378,0.193732,156,225
38,0.683333,0.071415,0.184298,156,180
39,0.7,0.073308,0.190324,156,208
40,0.716667,0.072175,0.186715,155,212
41,0.733333,0.072434,0.187541,155,217
42,0.75,0.071287,0.183889,161,187
43,0.766667,0.076842,0.201578,155,274
44,0.783333,0.068852,0.176133,155,144
45,0.8,0.07213,0.186574,155,210
46,0.833333,0.070804,0.182352,155,211
47,0.85,0.068864,0.176173,240,207
48,0.866667,0.077581,0.203932,149,363
49,0.883333,0.070034,0.179899,145,194
50,0.9,0.074999,0.195709,145,280
51,0.916667,0.069311,0.177596,160,170
52,0.933333,0.073568,0.191153,167,261
53,0.95,0.070951,0.18282,198,208
54,0.966667,0.073285,0.190253,184,268
55,0.983333,0.068625,0.17541,170,176
56,1.0,0.075274,0.196585,147,309
57,1.016667,0.067524,0.171904,206,181
58,1.033333,0.07582,0.198323,206,313
59,1.05,0.068012,0.17346,147,196
60,1.066667,0.075099,0.196027,154,323
61,1.083333,0.066539,0.168767,149,167
62,1.1,0.076322,0.199923,206,325
63,1.116667,0.068501,0.175017,206,178
64,1.133333,0.07321,0.190013,147,246
65,1.15,0.073121,0.18973,224,217
66,1.166667,0.06981,0.179184,250,181
67,1.183333,0.075264,0.196554,206,302
68,1.2,0.069222,0.177313,206,219
69,1.216667,0.073493,0.190913,206,259
70,1.25,0.070132,0.18021,197,184
71,1.266667,0.077697,0.204302,162,323
72,1.283333,0.074273,0.193398,198,258
73,1.3,0.074336,0.193598,162,213
74,1.316667,0.071122,0.183362,162,219
75,1.333333,0.075668,0.197839,162,271
76,1.35,0.072636,0.188185,162,240
77,1.366667,0.079031,0.208551,162,338
78,1.383333,0.070688,0.181982,171,200
79,1.4,0.073346,0.190445,171,218
80,1.416667,0.078135,0.205697,226,315
81,1.433333,0.076908,0.20179,199,216
82,1.45,0.07291,0.189058,171,205
83,1.466667,0.076589,0.200772,204,275
84,1.483333,0.072018,0.186216,148,207
85,1.5,0.072688,0.18835,148,217
86,1.516667,0.075179,0.196283,170,244
87,1.533333,0.072695,0.188374,148,213
88,1.55,0.078071,0.205493,182,271
89,1.566667,0.07096,0.182847,148,192
90,1.583333,0.080742,0.213999,197,325
91,1.6,0.075642,0.197757,148,271
92,1.633333,0.080777,0.214109,197,295
93,1.65,0.072649,0.188225,148,223
94,1.666667,0.073938,0.192332,149,253
95,1.683333,0.073951,0.192372,151,217
96,1.7,0.080279,0.212525,163,320
97,1.716667,0.072592,0.188044,163,211
98,1.733333,0.074027,0.192615,171,191
99,1.75,0.072163,0.18668,150,198
100,1.766667,0.075718,0.198001,150,278
101,1.783333,0.072518,0.187808,150,217
102,1.8,0.07921,0.209121,149,303
103,1.816667,0.076656,0.200988,157,260
104,1.833333,0.075944,0.19872,233,216
105,1.85,0.075107,0.196055,233,239
106,1.866667,0.080637,0.213665,203,284
107,1.883333,0.076005,0.198912,170,261
108,1.9,0.081399,0.21609,197,340
109,1.916667,0.072616,0.188122,169,212
110,1.933333,0.072531,0.187851,169,207
111,1.95,0.073424,0.190693,167,227
112,1.966667,0.072628,0.188158,167,193
113,1.983333,0.071962,0.186039,149,202
114,2.0,0.072594,0.188052,149,202
115,2.033333,0.078852,0.207981,185,302
116,2.05,0.07452,0.194184,178,212
117,2.066667,0.082149,0.218479,210,331
118,2.083333,0.077214,0.202763,193,266
119,2.1,0.08409,0.224662,209,337
120,2.116667,0.074723,0.194832,209,203
121,2.133333,0.082867,0.220765,177,350
122,2.15,0.076433,0.200278,193,223
123,2.166667,0.078398,0.206533,210,232
124,2.183333,0.0738,0.191892,158,196
125,2.2,0.076117,0.199271,164,217
126,2.216667,0.074951,0.195558,232,221
127,2.233333,0.074147,0.192998,232,187
128,2.25,0.07428,0.19342,149,216
129,2.266667,0.076298,0.199848,149,239
130,2.283333,0.075128,0.196122,162,212
131,2.3,0.077591,0.203964,162,247
132,2.316667,0.077308,0.203063,233,216
133,2.333333,0.076313,0.199895,150,236
134,2.35,0.074799,0.195073,162,230
135,2.366667,0.079774,0.210917,195,273
136,2.383333,0.079305,0.209423,202,240
137,2.4,0.07824,0.206031,206,222
138,2.433333,0.073684,0.191523,233,194
139,2.45,0.077506,0.203694,233,232
140,2.466667,0.079774,0.210915,233,307
141,2.483333,0.078175,0.205824,233,246
142,2.5,0.073984,0.192476,233,192
143,2.516667,0.078681,0.207436,233,227
144,2.533333,0.074009,0.192558,168,203
145,2.55,0.076588,0.20077,161,221
146,2.566667,0.078722,0.207567,211,267
147,2.583333,0.077457,0.203538,202,225
148,2.6,0.074461,0.193998,233,188
149,2.616667,0.078336,0.206335,204,259
150,2.633333,0.07624,0.199661,198,235
151,2.65,0.07477,0.19498,150,215
152,2.666667,0.071132,0.183394,150,185
153,2.683333,0.07294,0.189152,150,189
154,2.7,0.075991,0.198869,150,257
155,2.716667,0.074407,0.193826,150,210
156,2.733333,0.071558,0.184752,151,194
157,2.75,0.073587,0.191213,151,208
158,2.766667,0.07542,0.197051,160,233
159,2.783333,0.072577,0.187997,150,205
160,2.8,0.071629,0.184978,150,184
161,2.816667,0.073668,0.19147,150,195
162,2.833333,0.075084,0.195981,150,241
163,2.85,0.073986,0.192483,193,205
164,2.866667,0.070783,0.182282,150,173
165,2.883333,0.072313,0.187155,150,182
166,2.9,0.074076,0.19277,150,207
167,2.916667,0.073778,0.19182,178,199
168,2.933333,0.072281,0.187056,150,210
169,2.95,0.074383,0.193749,170,232
170,2.983333,0.071043,0.183112,150,176
171,3.0,0.073311,0.189631,151,178
172,3.016667,0.075526,0.196684,151,184
173,3.033333,0.074619,0.193797,147,217
174,3.05,0.075848,0.19771,153,276
175,3.066667,0.073032,0.188743,151,237
176,3.083333,0.076245,0.198941,211,250
177,3.1,0.076586,0.200029,211,289
178,3.116667,0.077474,0.202889,195,270
179,3.133333,0.073468,0.190098,146,242
180,3.15,0.07585,0.186385,146,253
181,3.166667,0.072896,0.172441,146,207
182,3.183333,0.074372,0.147567,164,196
183,3.2,0.073492,0.140246,146,183
184,3.216667,0.072312,0.130912,146,182
185,3.233333,0.072282,0.130448,146,184
186,3.25,0.071664,0.128535,146,187
187,3.266667,0.072046,0.128481,145,189
188,3.283333,0.072413,0.129289,146,202
189,3.3,0.07014,0.123443,146,171
190,3.316667,0.069941,0.122534,146,188
191,3.333333,0.070713,0.125261,146,214
192,3.35,0.069759,0.122041,146,192
193,3.366667,0.06994,0.124137,146,211
194,3.383333,0.0678,0.115887,146,178
195,3.4,0.069439,0.120427,146,185
196,3.416667,0.068738,0.118147,146,176
197,3.45,0.067024,0.113037,146,156
198,3.466667,0.067003,0.113684,195,160
199,3.483333,0.06867,0.118992,209,180
200,3.5,0.06741,0.11498,146,178
201,3.516667,0.067792,0.116196,146,169
202,3.533333,0.066789,0.113003,146,165
203,3.55,0.067992,0.116833,146,179
204,3.566667,0.067537,0.115384,146,175
205,3.583333,0.068026,0.116942,146,172
206,3.6,0.066086,0.110763,146,152
207,3.616667,0.067063,0.113719,146,164
208,3.633333,0.06696,0.113357,146,156
209,3.65,0.066432,0.111914,146,157
210,3.666667,0.066409,0.111914,146,157
211,3.683333,0.066296,0.111655,146,156
212,3.7,0.066504,0.111706,146,156
213,3.716667,0.0657,0.111718,155,125
214,3.733333,0.066649,0.112909,155,125
215,3.75,0.066085,0.114253,175,165
216,3.766667,0.065957,0.165719,215,190
217,3.783333,0.067175,0.169746,170,167
218,3.8,0.069433,0.176981,160,189
219,3.816667,0.066055,0.166229,160,153
220,3.833333,0.068586,0.174289,198,166
221,3.85,0.067507,0.170852,169,163
222,3.883333,0.072346,0.186263,242,173
223,3.9,0.072848,0.187862,226,167
224,3.916667,0.071604,0.183901,213,176
225,3.933333,0.072032,0.185263,169,183
226,3.95,0.072036,0.185276,162,170
227,3.966667,0.077926,0.204033,206,220
228,3.983333,0.074794,0.194059,206,181
229,4.0,0.073846,0.191039,155,178
230,4.016667,0.076513,0.199534,239,171
231,4.033333,0.075986,0.197855,239,162
232,4.05,0.076929,0.200858,184,181
233,4.066667,0.082342,0.218096,156,236
234,4.083333,0.079438,0.208847,156,212
235,4.1,0.078064,0.204473,156,187
236,4.116667,0.080423,0.211984,156,252
237,4.133333,0.077618,0.20305,156,175
238,4.15,0.07847,0.205765,163,176
239,4.166667,0.080809,0.213213,156,216
240,4.183333,0.082369,0.218183,156,245
241,4.2,0.077693,0.20329,156,183
242,4.216667,0.082535,0.218709,156,258
243,4.233333,0.077811,0.203665,188,155
244,4.25,0.081446,0.215244,156,225
245,4.266667,0.08359,0.222069,226,245
246,4.283333,0.07798,0.204206,192,184
247,4.3,0.08116,0.214332,173,248
248,4.333333,0.075264,0.195554,226,162
249,4.35,0.081603,0.215743,226,272
250,4.366667,0.079218,0.208149,226,241
251,4.383333,0.080588,0.212509,226,240
252,4.4,0.075752,0.197111,235,149
253,4.416667,0.079768,0.209898,235,213
254,4.433333,0.081147,0.214291,235,234
255,4.45,0.074684,0.193709,152,159
256,4.466667,0.082283,0.217909,158,267
257,4.483333,0.080602,0.212554,149,246
258,4.5,0.07343,0.189716,152,193
259,4.516667,0.074619,0.193501,152,203
260,4.533333,0.083292,0.22112,175,302
261,4.55,0.081417,0.215149,211,292
262,4.566667,0.075342,0.195803,153,188
263,4.583333,0.080558,0.212415,153,256
264,4.6,0.082274,0.217879,153,285
265,4.616667,0.077101,0.201405,209,199
266,4.633333,0.080545,0.212372,153,266
267,4.65,0.077864,0.203834,207,242
268,4.666667,0.078521,0.205929,161,230
269,4.683333,0.074428,0.192893,161,183
270,4.7,0.079634,0.209473,207,220
271,4.733333,0.08214,0.217453,181,279
272,4.75,0.077104,0.201415,216,193
273,4.766667,0.076112,0.198255,226,181
274,4.783333,0.074111,0.191883,152,175
275,4.8,0.074245,0.192311,152,194
276,4.816667,0.073992,0.191506,152,192
277,4.833333,0.077463,0.202558,152,234
278,4.85,0.078971,0.207361,234,241
279,4.866667,0.079522,0.209114,189,265
280,4.883333,0.075453,0.196156,144,206
281,4.9,0.079607,0.209387,143,241
282,4.916667,0.075494,0.196289,144,210
283,4.933333,0.077352,0.202205,171,198
284,4.95,0.075973,0.197814,171,192
285,4.966667,0.078298,0.205219,150,215
286,4.983333,0.078345,0.205368,191,214
287,5.0,0.076236,0.19865,155,195
288,5.016667,0.077797,0.203623,144,222
289,5.033333,0.077546,0.202821,143,208
290,5.05,0.07776,0.203505,144,211
291,5.066667,0.079362,0.208607,183,201
292,5.083333,0.080747,0.213018,183,230
293,5.1,0.079046,0.207601,144,244
294,5.116667,0.085148,0.227031,169,311
295,5.133333,0.078137,0.204704,144,191
296,5.15,0.085764,0.228992,203,322
297,5.166667,0.082034,0.217113,192,245
298,5.2,0.087835,0.235588,178,331
299,5.216667,0.080251,0.211437,157,204
300,5.233333,0.078042,0.204401,145,196
301,5.25,0.085638,0.228591,145,294
302,5.266667,0.086358,0.230886,161,283
303,5.283333,0.078567,0.206074,220,215
304,5.3,0.079779,0.204789,145,234
305,5.316667,0.07847,0.186141,145,230
306,5.333333,0.076686,0.165579,148,212
307,5.35,0.079676,0.162026,195,299
308,5.366667,0.076786,0.146177,156,252
309,5.383333,0.077955,0.149923,183,299
310,5.4,0.071354,0.128747,149,219
311,5.416667,0.072233,0.130894,186,221
312,5.433333,0.069501,0.12179,149,207
313,5.45,0.070521,0.125823,149,229
314,5.466667,0.074093,0.136868,149,296
315,5.483333,0.068839,0.119978,149,225
316,5.5,0.067867,0.116452,149,207
317,5.516667,0.070535,0.125182,149,234
318,5.533333,0.070356,0.124227,149,257
319,5.55,0.071659,0.130524,190,236
320,5.566667,0.067572,0.115595,149,210
321,5.583333,0.072857,0.132427,149,288
322,5.616667,0.069227,0.120866,149,222
323,5.633333,0.070895,0.126177,149,249
324,5.65,0.067638,0.115807,149,200
325,5.666667,0.06997,0.123232,149,230
326,5.683333,0.071664,0.128626,149,263
327,5.7,0.070421,0.124667,170,201
328,5.716667,0.06749,0.115335,149,195
329,5.733333,0.068311,0.117949,149,198
330,5.75,0.068033,0.117065,149,198
331,5.766667,0.068274,0.117831,149,195
332,5.783333,0.067621,0.115752,149,192
333,5.8,0.068559,0.11874,149,203
334,5.816667,0.068258,0.11778,149,196
335,5.833333,0.068715,0.119235,149,208
336,5.85,0.067354,0.114903,149,191
337,5.866667,0.06836,0.118075,158,196
338,5.883333,0.067285,0.114765,149,194
339,5.9,0.06601,0.110713,149,176
340,5.916667,0.065857,0.110713,149,176
341,5.933333,0.065425,0.110713,149,172
342,5.95,0.0659,0.110713,149,176
343,5.983333,0.065583,0.110147,149,174
344,6.0,0.067061,0.108357,156,149
345,6.016667,0.066949,0.13877,156,148
346,6.033333,0.067026,0.153557,156,148
347,6.05,0.067022,0.163404,156,133
348,6.066667,0.067187,0.163931,157,133
349,6.083333,0.075538,0.190523,170,248
350,6.1,0.071494,0.177645,157,158
351,6.116667,0.073643,0.184489,157,178
352,6.133333,0.077323,0.196207,160,211
353,6.15,0.07553,0.190499,157,170
354,6.166667,0.079386,0.202779,157,218
355,6.183333,0.076973,0.195094,157,157
356,6.2,0.079485,0.203094,157,181
357,6.216667,0.08093,0.207697,157,186
358,6.233333,0.088475,0.231722,157,296
359,6.25,0.080684,0.20691,157,168
360,6.266667,0.082999,0.214285,157,197
361,6.283333,0.080856,0.207461,157,160
362,6.3,0.080475,0.206246,157,156
363,6.316667,0.080801,0.207284,157,171
364,6.333333,0.08075,0.207123,168,165
365,6.35,0.081026,0.207999,168,188
366,6.383333,0.083154,0.214776,157,216
367,6.4,0.078777,0.200837,157,176
368,6.416667,0.082214,0.211785,157,202
369,6.433333,0.082796,0.213636,172,223
370,6.45,0.080595,0.206627,172,192
371,6.466667,0.079007,0.201572,172,168
372,6.483333,0.079696,0.203766,172,180
373,6.5,0.078889,0.201195,172,176
374,6.516667,0.080323,0.205763,236,163
375,6.533333,0.07864,0.200401,157,168
376,6.55,0.079595,0.203443,207,168
377,6.566667,0.079183,0.202131,197,168
378,6.583333,0.079653,0.203628,197,180
379,6.6,0.079205,0.202201,197,180
380,6.616667,0.079522,0.203211,197,176
381,6.633333,0.078488,0.199917,197,164
382,6.65,0.079785,0.204049,197,182
383,6.666667,0.079322,0.202575,197,173
384,6.683333,0.079465,0.203031,197,166
385,6.7,0.07967,0.203683,197,183
386,6.716667,0.078514,0.2,157,187
387,6.733333,0.079177,0.202111,174,181
388,6.766667,0.078722,0.200664,157,178
389,6.783333,0.079154,0.20204,198,182
390,6.8,0.083288,0.215204,207,236
391,6.816667,0.082714,0.213377,156,214
392,6.833333,0.079072,0.201777,161,165
393,6.85,0.079054,0.201722,176,177
394,6.866667,0.085249,0.22145,214,251
395,6.883333,0.085351,0.221773,227,242
396,6.9,0.081014,0.207964,228,173
397,6.916667,0.08277,0.213553,228,206
398,6.933333,0.086443,0.225252,152,292
399,6.95,0.078999,0.201545,152,183
400,6.966667,0.088161,0.230723,152,352
401,6.983333,0.079883,0.204359,152,187
402,7.0,0.079151,0.202028,152,185
403,7.016667,0.083033,0.214391,172,227
404,7.033333,0.088161,0.230723,152,325
405,7.05,0.080677,0.206891,192,196
406,7.066667,0.086015,0.223888,172,310
407,7.083333,0.080947,0.207748,192,226
408,7.1,0.08242,0.212441,179,241
409,7.116667,0.0799,0.204414,152,228
410,7.133333,0.083611,0.216234,204,236
411,7.15,0.081816,0.210515,182,230
412,7.166667,0.080663,0.206844,232,178
413,7.183333,0.079953,0.204583,205,181
414,7.2,0.085931,0.22362,231,251
415,7.233333,0.084306,0.218447,192,287
416,7.25,0.084015,0.21752,175,227
417,7.266667,0.07958,0.203396,151,199
418,7.283333,0.083188,0.214886,141,238
419,7.3,0.081474,0.209426,163,235
420,7.316667,0.080084,0.205,163,210
421,7.333333,0.086496,0.225421,220,278
422,7.35,0.082455,0.212551,220,226
423,7.366667,0.084214,0.218153,231,271
424,7.383333,0.081957,0.210967,214,205
425,7.4,0.082217,0.211792,211,225
426,7.416667,0.084011,0.217505,170,289
427,7.433333,0.08112,0.208299,227,230
428,7.45,0.081532,0.209612,139,237
429,7.466667,0.082393,0.212355,210,220
430,7.483333,0.081051,0.208079,210,225
431,7.516667,0.079834,0.204205,184,251
432,7.533333,0.083989,0.217437,229,374
433,7.55,0.081186,0.208466,210,261
434,7.566667,0.085484,0.222124,210,337
435,7.583333,0.079806,0.191382,157,239
436,7.6,0.081602,0.195314,172,240
437,7.616667,0.081537,0.155854,175,257
438,7.633333,0.07894,0.147554,151,207
439,7.65,0.079938,0.145985,179,214
440,7.666667,0.079037,0.144155,151,210
441,7.683333,0.077784,0.141726,151,214
442,7.7,0.080105,0.149773,191,248
443,7.716667,0.076027,0.135643,159,197
444,7.733333,0.077475,0.142754,195,222
445,7.75,0.077614,0.14361,195,233
446,7.766667,0.073415,0.130811,155,187
447,7.783333,0.075759,0.131188,236,184
448,7.8,0.073494,0.132302,149,180
449,7.816667,0.068462,0.134395,225,170
450,7.833333,0.071552,0.144713,175,226
451,7.85,0.061668,0.128643,142,108
452,7.883333,0.060942,0.14278,122,148
453,7.9,0.058013,0.133451,120,115
454,7.916667,0.059871,0.139371,120,135
455,7.933333,0.05743,0.131596,171,92
456,7.95,0.057536,0.131933,120,98
457,7.966667,0.057352,0.131347,120,102
458,7.983333,0.058512,0.135043,121,112
459,8.0,0.054577,0.12251,120,62
460,8.016667,0.058008,0.133436,120,123
461,8.033333,0.056184,0.127627,120,83
462,8.05,0.056935,0.13002,120,91
463,8.066667,0.054312,0.121668,120,53
464,8.083333,0.056269,0.1279,124,76
465,8.1,0.055664,0.125972,120,86
466,8.116667,0.055868,0.126622,198,61
467,8.133333,0.054299,0.121625,170,52
468,8.166667,0.055035,0.123968,186,62
469,8.183333,0.055706,0.126106,203,70
470,8.2,0.054491,0.122238,170,49
471,8.216667,0.053609,0.119427,120,49
472,8.233333,0.05344,0.118889,120,51
473,8.25,0.054119,0.121051,120,62
474,8.266667,0.053374,0.118681,120,49
475,8.283333,0.052937,0.117289,120,45
476,8.3,0.052979,0.117423,120,47
477,8.316667,0.052903,0.11718,120,47
478,8.333333,0.052979,0.117423,120,47
479,8.35,0.052937,0.117289,120,45
